pm25,pm_predicted,station,system:time_start
29.6405,,Bozeman,1504288800000
83.13300000000001,65.91849916666666,Broadus,1504288800000
37.128,,Butte,1504288800000
31.124,,Flathead Valley,1504288800000
37.6155,,Frenchtown,1504288800000
22.278,,Great Falls,1504288800000
18.312,,Hamilton,1504288800000
29.0145,,Helena,1504288800000
30.5855,29.05970366666666,Lewistown,1504288800000
13.876,,Libby,1504288800000
15.207,33.81478308333333,Malta,1504288800000
27.897,,Missoula,1504288800000
29.89,,NCore,1504288800000
54.523,,Seeley Lake,1504288800000
15.861999999999998,21.406971166666658,Sidney,1504288800000
18.4185,,Thompson Falls,1504288800000
49.193,42.196951833333344,West Yellowstone,1504288800000
29.6405,,Bozeman,1504288800000
83.13300000000001,65.91849916666666,Broadus,1504288800000
37.128,,Butte,1504288800000
31.124,,Flathead Valley,1504288800000
37.6155,,Frenchtown,1504288800000
22.278,,Great Falls,1504288800000
18.312,,Hamilton,1504288800000
29.0145,,Helena,1504288800000
30.5855,29.05970366666666,Lewistown,1504288800000
13.876,,Libby,1504288800000
15.207,33.81478308333333,Malta,1504288800000
27.897,,Missoula,1504288800000
29.89,,NCore,1504288800000
54.523,,Seeley Lake,1504288800000
15.861999999999998,21.406971166666658,Sidney,1504288800000
18.4185,,Thompson Falls,1504288800000
49.193,42.196951833333344,West Yellowstone,1504288800000
42.268,26.639561749999995,Bozeman,1504375200000
52.864,51.30936991666667,Broadus,1504375200000
33.0875,26.008713499999995,Butte,1504375200000
30.2645,40.15458166666668,Flathead Valley,1504375200000
41.77,16.43959883333333,Frenchtown,1504375200000
62.677,41.04910716666667,Hamilton,1504375200000
44.888000000000005,26.79268908333333,Helena,1504375200000
62.276,43.69396716666668,Lewistown,1504375200000
15.0045,23.120113833333345,Libby,1504375200000
31.4885,32.91631833333332,Malta,1504375200000
44.777,36.023322916666665,Missoula,1504375200000
31.3745,19.888608750000007,NCore,1504375200000
164.363,116.44829091666665,Seeley Lake,1504375200000
20.52,25.85869925,Sidney,1504375200000
50.299,42.28393975000001,Thompson Falls,1504375200000
32.6425,20.35730116666667,West Yellowstone,1504375200000
42.268,26.639561749999995,Bozeman,1504375200000
52.864,51.30936991666667,Broadus,1504375200000
33.0875,26.008713499999995,Butte,1504375200000
30.2645,40.15458166666668,Flathead Valley,1504375200000
41.77,16.43959883333333,Frenchtown,1504375200000
62.677,41.04910716666667,Hamilton,1504375200000
44.888000000000005,26.79268908333333,Helena,1504375200000
62.276,43.69396716666668,Lewistown,1504375200000
15.0045,23.120113833333345,Libby,1504375200000
31.4885,32.91631833333332,Malta,1504375200000
44.777,36.023322916666665,Missoula,1504375200000
31.3745,19.888608750000007,NCore,1504375200000
164.363,116.44829091666665,Seeley Lake,1504375200000
20.52,25.85869925,Sidney,1504375200000
50.299,42.28393975000001,Thompson Falls,1504375200000
32.6425,20.35730116666667,West Yellowstone,1504375200000
71.37700000000001,57.11955166666669,Bozeman,1504461600000
143.45600000000002,120.98258075,Broadus,1504461600000
75.9325,61.651043083333306,Butte,1504461600000
42.685500000000005,50.599180749999995,Flathead Valley,1504461600000
64.364,66.45549249999998,Frenchtown,1504461600000
90.641,41.71483225,Hamilton,1504461600000
42.807500000000005,,Helena,1504461600000
38.211,,Lewistown,1504461600000
20.987,30.65110933333331,Libby,1504461600000
8.224499999999999,15.159796666666667,Malta,1504461600000
79.1645,65.91497899999999,Missoula,1504461600000
53.575,,NCore,1504461600000
300.649,,Seeley Lake,1504461600000
28.585500000000003,30.684836500000003,Sidney,1504461600000
144.33249999999998,101.4390876666667,Thompson Falls,1504461600000
45.0385,,West Yellowstone,1504461600000
71.37700000000001,57.11955166666669,Bozeman,1504461600000
143.45600000000002,120.98258075,Broadus,1504461600000
75.9325,61.651043083333306,Butte,1504461600000
42.685500000000005,50.599180749999995,Flathead Valley,1504461600000
64.364,66.45549249999998,Frenchtown,1504461600000
90.641,41.71483225,Hamilton,1504461600000
42.807500000000005,,Helena,1504461600000
38.211,,Lewistown,1504461600000
20.987,30.65110933333331,Libby,1504461600000
8.224499999999999,15.159796666666667,Malta,1504461600000
79.1645,65.91497899999999,Missoula,1504461600000
53.575,,NCore,1504461600000
300.649,,Seeley Lake,1504461600000
28.585500000000003,30.684836500000003,Sidney,1504461600000
144.33249999999998,101.4390876666667,Thompson Falls,1504461600000
45.0385,,West Yellowstone,1504461600000
6.3495,73.39435141666665,Bozeman,1504548000000
15.2745,,Broadus,1504548000000
50.7665,,Butte,1504548000000
16.9525,20.70245358333333,Flathead Valley,1504548000000
143.792,147.33804250000006,Frenchtown,1504548000000
158.4805,118.25336916666667,Hamilton,1504548000000
12.027,21.918153249999992,Helena,1504548000000
8.378,,Lewistown,1504548000000
109.761,133.66540675,Libby,1504548000000
3.634,4.254057333333333,Malta,1504548000000
89.8055,82.27494641666667,Missoula,1504548000000
6.283,26.75243058333333,NCore,1504548000000
129.61849999999998,194.3016818333334,Seeley Lake,1504548000000
1.488,,Sidney,1504548000000
162.77749999999995,177.93811958333342,Thompson Falls,1504548000000
63.230500000000006,64.06148508333332,West Yellowstone,1504548000000
6.3495,73.39435141666665,Bozeman,1504548000000
15.2745,,Broadus,1504548000000
50.7665,,Butte,1504548000000
16.9525,20.70245358333333,Flathead Valley,1504548000000
143.792,147.33804250000006,Frenchtown,1504548000000
158.4805,118.25336916666667,Hamilton,1504548000000
12.027,21.918153249999992,Helena,1504548000000
8.378,,Lewistown,1504548000000
109.761,133.66540675,Libby,1504548000000
3.634,4.254057333333333,Malta,1504548000000
89.8055,82.27494641666667,Missoula,1504548000000
6.283,26.75243058333333,NCore,1504548000000
129.61849999999998,194.3016818333334,Seeley Lake,1504548000000
1.488,,Sidney,1504548000000
162.77749999999995,177.93811958333342,Thompson Falls,1504548000000
63.230500000000006,64.06148508333332,West Yellowstone,1504548000000
11.653,15.325189499999999,Bozeman,1504634400000
16.011499999999998,7.699438583333333,Broadus,1504634400000
29.072000000000003,31.72369633333333,Butte,1504634400000
58.188,51.64263283333333,Flathead Valley,1504634400000
36.518,40.59947783333333,Frenchtown,1504634400000
101.887,97.1137713333333,Hamilton,1504634400000
7.5655,9.707342750000002,Helena,1504634400000
8.7515,,Lewistown,1504634400000
101.7045,75.87034933333334,Libby,1504634400000
6.274,,Malta,1504634400000
43.794,46.509825249999984,Missoula,1504634400000
11.816,14.402566583333334,NCore,1504634400000
176.8715,117.01259458333334,Seeley Lake,1504634400000
2.3205,2.8798085,Sidney,1504634400000
309.8415,227.37501783333337,Thompson Falls,1504634400000
50.223,,West Yellowstone,1504634400000
11.653,15.325189499999999,Bozeman,1504634400000
16.011499999999998,7.699438583333333,Broadus,1504634400000
29.072000000000003,31.72369633333333,Butte,1504634400000
58.188,51.64263283333333,Flathead Valley,1504634400000
36.518,40.59947783333333,Frenchtown,1504634400000
101.887,97.1137713333333,Hamilton,1504634400000
7.5655,9.707342750000002,Helena,1504634400000
8.7515,,Lewistown,1504634400000
101.7045,75.87034933333334,Libby,1504634400000
6.274,,Malta,1504634400000
43.794,46.509825249999984,Missoula,1504634400000
11.816,14.402566583333334,NCore,1504634400000
176.8715,117.01259458333334,Seeley Lake,1504634400000
2.3205,2.8798085,Sidney,1504634400000
309.8415,227.37501783333337,Thompson Falls,1504634400000
50.223,,West Yellowstone,1504634400000
31.3095,,Bozeman,1504720800000
20.051,7.861856249999997,Broadus,1504720800000
56.027,,Butte,1504720800000
198.8885,53.154067083333324,Flathead Valley,1504720800000
125.0185,99.78721466666667,Frenchtown,1504720800000
104.2555,88.72708258333334,Hamilton,1504720800000
28.532,,Helena,1504720800000
16.786,40.68372,Lewistown,1504720800000
104.2745,68.92802150000001,Libby,1504720800000
7.143000000000001,5.8569927500000025,Malta,1504720800000
98.369,91.09850641666668,Missoula,1504720800000
24.043,,NCore,1504720800000
529.278,,Seeley Lake,1504720800000
3.23,4.144127833333335,Sidney,1504720800000
225.938,,Thompson Falls,1504720800000
25.3925,32.60983725000001,West Yellowstone,1504720800000
31.3095,,Bozeman,1504720800000
20.051,7.861856249999997,Broadus,1504720800000
56.027,,Butte,1504720800000
198.8885,53.154067083333324,Flathead Valley,1504720800000
125.0185,99.78721466666667,Frenchtown,1504720800000
104.2555,88.72708258333334,Hamilton,1504720800000
28.532,,Helena,1504720800000
16.786,40.68372,Lewistown,1504720800000
104.2745,68.92802150000001,Libby,1504720800000
7.143000000000001,5.8569927500000025,Malta,1504720800000
98.369,91.09850641666668,Missoula,1504720800000
24.043,,NCore,1504720800000
529.278,,Seeley Lake,1504720800000
3.23,4.144127833333335,Sidney,1504720800000
225.938,,Thompson Falls,1504720800000
25.3925,32.60983725000001,West Yellowstone,1504720800000
40.669,41.833506333333354,Bozeman,1504807200000
13.4295,10.869741500000007,Broadus,1504807200000
50.642,,Butte,1504807200000
228.953,213.15579875000006,Flathead Valley,1504807200000
154.4605,121.28946400000002,Frenchtown,1504807200000
146.4475,143.59118633333324,Hamilton,1504807200000
49.059,47.46911591666666,Helena,1504807200000
10.479,11.525231416666665,Lewistown,1504807200000
107.662,113.11652491666663,Libby,1504807200000
7.8475,7.568286500000004,Malta,1504807200000
168.679,163.44343875000013,Missoula,1504807200000
37.9495,37.03061616666665,NCore,1504807200000
527.071,262.53598425000007,Seeley Lake,1504807200000
6.354,5.596245416666669,Sidney,1504807200000
172.698,183.39492150000015,Thompson Falls,1504807200000
53.036,60.47998125000001,West Yellowstone,1504807200000
40.669,41.833506333333354,Bozeman,1504807200000
13.4295,10.869741500000007,Broadus,1504807200000
50.642,,Butte,1504807200000
228.953,213.15579875000006,Flathead Valley,1504807200000
154.4605,121.28946400000002,Frenchtown,1504807200000
146.4475,143.59118633333324,Hamilton,1504807200000
49.059,47.46911591666666,Helena,1504807200000
10.479,11.525231416666665,Lewistown,1504807200000
107.662,113.11652491666663,Libby,1504807200000
7.8475,7.568286500000004,Malta,1504807200000
168.679,163.44343875000013,Missoula,1504807200000
37.9495,37.03061616666665,NCore,1504807200000
527.071,262.53598425000007,Seeley Lake,1504807200000
6.354,5.596245416666669,Sidney,1504807200000
172.698,183.39492150000015,Thompson Falls,1504807200000
53.036,60.47998125000001,West Yellowstone,1504807200000
34.207,38.779663750000005,Bozeman,1504893600000
10.397,10.751550333333336,Broadus,1504893600000
41.496,,Butte,1504893600000
197.2555,,Flathead Valley,1504893600000
105.939,,Frenchtown,1504893600000
130.138,,Hamilton,1504893600000
25.9075,,Helena,1504893600000
20.194,12.973880916666666,Lewistown,1504893600000
173.75150000000002,,Libby,1504893600000
4.573,6.391721416666669,Malta,1504893600000
139.079,,Missoula,1504893600000
28.0945,34.435419,NCore,1504893600000
259.406,,Seeley Lake,1504893600000
9.6025,4.91678475,Sidney,1504893600000
236.3355,,Thompson Falls,1504893600000
31.4895,38.08826066666666,West Yellowstone,1504893600000
34.207,38.779663750000005,Bozeman,1504893600000
10.397,10.751550333333336,Broadus,1504893600000
41.496,,Butte,1504893600000
197.2555,,Flathead Valley,1504893600000
105.939,,Frenchtown,1504893600000
130.138,,Hamilton,1504893600000
25.9075,,Helena,1504893600000
20.194,12.973880916666666,Lewistown,1504893600000
173.75150000000002,,Libby,1504893600000
4.573,6.391721416666669,Malta,1504893600000
139.079,,Missoula,1504893600000
28.0945,34.435419,NCore,1504893600000
259.406,,Seeley Lake,1504893600000
9.6025,4.91678475,Sidney,1504893600000
236.3355,,Thompson Falls,1504893600000
31.4895,38.08826066666666,West Yellowstone,1504893600000
21.0355,15.823887083333336,Bozeman,1504980000000
39.953,32.297688,Broadus,1504980000000
20.315,,Butte,1504980000000
127.513,,Flathead Valley,1504980000000
110.439,82.35935316666668,Frenchtown,1504980000000
72.61500000000001,,Hamilton,1504980000000
55.07,,Helena,1504980000000
107.042,,Lewistown,1504980000000
173.993,,Libby,1504980000000
9.5945,29.21554541666666,Malta,1504980000000
96.997,65.16643858333333,Missoula,1504980000000
36.712,,NCore,1504980000000
129.2055,100.2604179166667,Seeley Lake,1504980000000
11.2935,13.50653033333333,Sidney,1504980000000
88.1395,,Thompson Falls,1504980000000
13.55,,West Yellowstone,1504980000000
21.0355,15.823887083333336,Bozeman,1504980000000
39.953,32.297688,Broadus,1504980000000
20.315,,Butte,1504980000000
127.513,,Flathead Valley,1504980000000
110.439,82.35935316666668,Frenchtown,1504980000000
72.61500000000001,,Hamilton,1504980000000
55.07,,Helena,1504980000000
107.042,,Lewistown,1504980000000
173.993,,Libby,1504980000000
9.5945,29.21554541666666,Malta,1504980000000
96.997,65.16643858333333,Missoula,1504980000000
36.712,,NCore,1504980000000
129.2055,100.2604179166667,Seeley Lake,1504980000000
11.2935,13.50653033333333,Sidney,1504980000000
88.1395,,Thompson Falls,1504980000000
13.55,,West Yellowstone,1504980000000
23.0765,,Bozeman,1505066400000
46.3835,,Broadus,1505066400000
32.4955,,Butte,1505066400000
10.4775,,Flathead Valley,1505066400000
12.551,,Frenchtown,1505066400000
40.1485,,Hamilton,1505066400000
27.8985,,Helena,1505066400000
12.7335,,Lewistown,1505066400000
4.0995,,Libby,1505066400000
33.956,27.788196166666673,Malta,1505066400000
10.922,,Missoula,1505066400000
13.298,,NCore,1505066400000
24.586,,Seeley Lake,1505066400000
50.7455,,Sidney,1505066400000
57.473,,Thompson Falls,1505066400000
6.2265,,West Yellowstone,1505066400000
23.0765,,Bozeman,1505066400000
46.3835,,Broadus,1505066400000
32.4955,,Butte,1505066400000
10.4775,,Flathead Valley,1505066400000
12.551,,Frenchtown,1505066400000
40.1485,,Hamilton,1505066400000
27.8985,,Helena,1505066400000
12.7335,,Lewistown,1505066400000
4.0995,,Libby,1505066400000
33.956,27.788196166666673,Malta,1505066400000
10.922,,Missoula,1505066400000
13.298,,NCore,1505066400000
24.586,,Seeley Lake,1505066400000
50.7455,,Sidney,1505066400000
57.473,,Thompson Falls,1505066400000
6.2265,,West Yellowstone,1505066400000
26.2605,12.46998591666667,Bozeman,1505152800000
36.5125,33.930029833333336,Broadus,1505152800000
14.1065,13.361028166666673,Butte,1505152800000
36.484,18.437752333333336,Flathead Valley,1505152800000
37.771,22.2450235,Frenchtown,1505152800000
46.468,26.79683225,Hamilton,1505152800000
15.901,11.510771499999997,Helena,1505152800000
15.9165,9.422706083333335,Lewistown,1505152800000
46.175,30.275619916666678,Libby,1505152800000
37.217,32.51298775000001,Malta,1505152800000
30.6385,20.83869341666667,Missoula,1505152800000
13.0365,10.638416416666667,NCore,1505152800000
85.534,49.75063225000001,Seeley Lake,1505152800000
17.924999999999997,25.481284583333327,Sidney,1505152800000
153.077,,Thompson Falls,1505152800000
19.957,10.069133749999999,West Yellowstone,1505152800000
26.2605,12.46998591666667,Bozeman,1505152800000
36.5125,33.930029833333336,Broadus,1505152800000
14.1065,13.361028166666673,Butte,1505152800000
36.484,18.437752333333336,Flathead Valley,1505152800000
37.771,22.2450235,Frenchtown,1505152800000
46.468,26.79683225,Hamilton,1505152800000
15.901,11.510771499999997,Helena,1505152800000
15.9165,9.422706083333335,Lewistown,1505152800000
46.175,30.275619916666678,Libby,1505152800000
37.217,32.51298775000001,Malta,1505152800000
30.6385,20.83869341666667,Missoula,1505152800000
13.0365,10.638416416666667,NCore,1505152800000
85.534,49.75063225000001,Seeley Lake,1505152800000
17.924999999999997,25.481284583333327,Sidney,1505152800000
153.077,,Thompson Falls,1505152800000
19.957,10.069133749999999,West Yellowstone,1505152800000
16.698999999999998,24.834107166666673,Bozeman,1505239200000
33.4835,,Broadus,1505239200000
53.230500000000006,49.72349358333336,Butte,1505239200000
38.5735,44.36458208333333,Flathead Valley,1505239200000
56.0475,,Frenchtown,1505239200000
89.904,56.71831508333333,Hamilton,1505239200000
26.601,,Helena,1505239200000
48.191,,Lewistown,1505239200000
30.636000000000003,,Libby,1505239200000
79.57249999999999,,Malta,1505239200000
52.515,51.30286,Missoula,1505239200000
26.0325,,NCore,1505239200000
281.5365,,Seeley Lake,1505239200000
51.9305,52.293599499999985,Sidney,1505239200000
105.587,65.73146399999999,Thompson Falls,1505239200000
11.967,,West Yellowstone,1505239200000
16.698999999999998,24.834107166666673,Bozeman,1505239200000
33.4835,,Broadus,1505239200000
53.230500000000006,49.72349358333336,Butte,1505239200000
38.5735,44.36458208333333,Flathead Valley,1505239200000
56.0475,,Frenchtown,1505239200000
89.904,56.71831508333333,Hamilton,1505239200000
26.601,,Helena,1505239200000
48.191,,Lewistown,1505239200000
30.636000000000003,,Libby,1505239200000
79.57249999999999,,Malta,1505239200000
52.515,51.30286,Missoula,1505239200000
26.0325,,NCore,1505239200000
281.5365,,Seeley Lake,1505239200000
51.9305,52.293599499999985,Sidney,1505239200000
105.587,65.73146399999999,Thompson Falls,1505239200000
11.967,,West Yellowstone,1505239200000
47.962,,Bozeman,1505325600000
44.595,,Broadus,1505325600000
29.0715,,Butte,1505325600000
78.711,,Flathead Valley,1505325600000
13.026,7.812126749999997,Frenchtown,1505325600000
31.6205,,Hamilton,1505325600000
33.2735,,Helena,1505325600000
44.7225,,Lewistown,1505325600000
24.919,,Libby,1505325600000
22.404,,Malta,1505325600000
19.3575,,Missoula,1505325600000
33.1415,,NCore,1505325600000
31.725500000000004,,Seeley Lake,1505325600000
59.8235,,Sidney,1505325600000
11.7945,,Thompson Falls,1505325600000
5.8575,,West Yellowstone,1505325600000
47.962,,Bozeman,1505325600000
44.595,,Broadus,1505325600000
29.0715,,Butte,1505325600000
78.711,,Flathead Valley,1505325600000
13.026,7.812126749999997,Frenchtown,1505325600000
31.6205,,Hamilton,1505325600000
33.2735,,Helena,1505325600000
44.7225,,Lewistown,1505325600000
24.919,,Libby,1505325600000
22.404,,Malta,1505325600000
19.3575,,Missoula,1505325600000
33.1415,,NCore,1505325600000
31.725500000000004,,Seeley Lake,1505325600000
59.8235,,Sidney,1505325600000
11.7945,,Thompson Falls,1505325600000
5.8575,,West Yellowstone,1505325600000
9.377,,Bozeman,1505412000000
34.238,,Broadus,1505412000000
6.1585,,Butte,1505412000000
10.225,,Flathead Valley,1505412000000
38.6745,,Frenchtown,1505412000000
11.793,,Great Falls,1505412000000
41.295,,Hamilton,1505412000000
2.109,,Helena,1505412000000
0.263,,Lewistown,1505412000000
105.6745,,Libby,1505412000000
4.9765,,Malta,1505412000000
11.813,,Missoula,1505412000000
0.931,,NCore,1505412000000
23.1765,,Seeley Lake,1505412000000
19.4295,,Sidney,1505412000000
173.429,,Thompson Falls,1505412000000
94.6775,,West Yellowstone,1505412000000
9.377,,Bozeman,1505412000000
34.238,,Broadus,1505412000000
6.1585,,Butte,1505412000000
10.225,,Flathead Valley,1505412000000
38.6745,,Frenchtown,1505412000000
11.793,,Great Falls,1505412000000
41.295,,Hamilton,1505412000000
2.109,,Helena,1505412000000
0.263,,Lewistown,1505412000000
105.6745,,Libby,1505412000000
4.9765,,Malta,1505412000000
11.813,,Missoula,1505412000000
0.931,,NCore,1505412000000
23.1765,,Seeley Lake,1505412000000
19.4295,,Sidney,1505412000000
173.429,,Thompson Falls,1505412000000
94.6775,,West Yellowstone,1505412000000
2.53,,Bozeman,1505498400000
4.545,,Broadus,1505498400000
4.892,,Butte,1505498400000
12.43,,Flathead Valley,1505498400000
6.0455000000000005,,Frenchtown,1505498400000
2.586,,Great Falls,1505498400000
11.6435,,Hamilton,1505498400000
0.312,,Helena,1505498400000
2.3615,,Lewistown,1505498400000
184.519,,Libby,1505498400000
20.6995,,Malta,1505498400000
11.4405,,Missoula,1505498400000
1.541,,NCore,1505498400000
6.5505,,Seeley Lake,1505498400000
6.138,,Sidney,1505498400000
6.5915,,Thompson Falls,1505498400000
2.229,,West Yellowstone,1505498400000
2.53,,Bozeman,1505498400000
4.545,,Broadus,1505498400000
4.892,,Butte,1505498400000
12.43,,Flathead Valley,1505498400000
6.0455000000000005,,Frenchtown,1505498400000
2.586,,Great Falls,1505498400000
11.6435,,Hamilton,1505498400000
0.312,,Helena,1505498400000
2.3615,,Lewistown,1505498400000
184.519,,Libby,1505498400000
20.6995,,Malta,1505498400000
11.4405,,Missoula,1505498400000
1.541,,NCore,1505498400000
6.5505,,Seeley Lake,1505498400000
6.138,,Sidney,1505498400000
6.5915,,Thompson Falls,1505498400000
2.229,,West Yellowstone,1505498400000
5.847,,Bozeman,1505584800000
4.301,,Broadus,1505584800000
8.8265,,Butte,1505584800000
17.0795,7.865480333333337,Flathead Valley,1505584800000
11.211,11.869353666666665,Frenchtown,1505584800000
10.3015,,Great Falls,1505584800000
9.585,,Hamilton,1505584800000
4.011,,Helena,1505584800000
8.7385,,Lewistown,1505584800000
30.3435,7.500435499999998,Libby,1505584800000
1.706,,Malta,1505584800000
8.921,,Missoula,1505584800000
2.672,,NCore,1505584800000
16.1145,,Seeley Lake,1505584800000
3.326,,Sidney,1505584800000
57.681,12.277581333333336,Thompson Falls,1505584800000
1.509,,West Yellowstone,1505584800000
5.847,,Bozeman,1505584800000
4.301,,Broadus,1505584800000
8.8265,,Butte,1505584800000
17.0795,7.865480333333337,Flathead Valley,1505584800000
11.211,11.869353666666665,Frenchtown,1505584800000
10.3015,,Great Falls,1505584800000
9.585,,Hamilton,1505584800000
4.011,,Helena,1505584800000
8.7385,,Lewistown,1505584800000
30.3435,7.500435499999998,Libby,1505584800000
1.706,,Malta,1505584800000
8.921,,Missoula,1505584800000
2.672,,NCore,1505584800000
16.1145,,Seeley Lake,1505584800000
3.326,,Sidney,1505584800000
57.681,12.277581333333336,Thompson Falls,1505584800000
1.509,,West Yellowstone,1505584800000
10.093,9.818536666666667,Bozeman,1505671200000
3.0765,,Broadus,1505671200000
5.5145,,Butte,1505671200000
13.8585,,Flathead Valley,1505671200000
14.145499999999998,,Frenchtown,1505671200000
7.2275,,Great Falls,1505671200000
8.985,,Hamilton,1505671200000
5.0625,,Helena,1505671200000
5.0585,,Lewistown,1505671200000
46.834,,Libby,1505671200000
3.5815,,Malta,1505671200000
6.156499999999999,,Missoula,1505671200000
2.439,,NCore,1505671200000
12.191,,Seeley Lake,1505671200000
3.009,,Sidney,1505671200000
58.151,,Thompson Falls,1505671200000
19.119,7.424978916666666,West Yellowstone,1505671200000
10.093,9.818536666666667,Bozeman,1505671200000
3.0765,,Broadus,1505671200000
5.5145,,Butte,1505671200000
13.8585,,Flathead Valley,1505671200000
14.145499999999998,,Frenchtown,1505671200000
7.2275,,Great Falls,1505671200000
8.985,,Hamilton,1505671200000
5.0625,,Helena,1505671200000
5.0585,,Lewistown,1505671200000
46.834,,Libby,1505671200000
3.5815,,Malta,1505671200000
6.156499999999999,,Missoula,1505671200000
2.439,,NCore,1505671200000
12.191,,Seeley Lake,1505671200000
3.009,,Sidney,1505671200000
58.151,,Thompson Falls,1505671200000
19.119,7.424978916666666,West Yellowstone,1505671200000
12.8515,,Bozeman,1505757600000
3.3975,4.372166666666667,Broadus,1505757600000
7.0085,,Butte,1505757600000
4.492,,Flathead Valley,1505757600000
27.897,,Frenchtown,1505757600000
8.799,,Great Falls,1505757600000
13.1665,,Hamilton,1505757600000
14.2125,,Helena,1505757600000
12.8585,,Lewistown,1505757600000
42.772000000000006,,Libby,1505757600000
12.2965,,Malta,1505757600000
22.214,,Missoula,1505757600000
8.5975,,NCore,1505757600000
32.4255,,Seeley Lake,1505757600000
6.420999999999999,,Sidney,1505757600000
7.1885,,Thompson Falls,1505757600000
13.798,,West Yellowstone,1505757600000
12.8515,,Bozeman,1505757600000
3.3975,4.372166666666667,Broadus,1505757600000
7.0085,,Butte,1505757600000
4.492,,Flathead Valley,1505757600000
27.897,,Frenchtown,1505757600000
8.799,,Great Falls,1505757600000
13.1665,,Hamilton,1505757600000
14.2125,,Helena,1505757600000
12.8585,,Lewistown,1505757600000
42.772000000000006,,Libby,1505757600000
12.2965,,Malta,1505757600000
22.214,,Missoula,1505757600000
8.5975,,NCore,1505757600000
32.4255,,Seeley Lake,1505757600000
6.420999999999999,,Sidney,1505757600000
7.1885,,Thompson Falls,1505757600000
13.798,,West Yellowstone,1505757600000
11.5185,,Bozeman,1505844000000
3.6215,,Broadus,1505844000000
12.1895,,Butte,1505844000000
2.152,,Flathead Valley,1505844000000
5.9725,,Frenchtown,1505844000000
5.9025,,Great Falls,1505844000000
0.755,,Hamilton,1505844000000
2.228,,Helena,1505844000000
6.763,,Lewistown,1505844000000
3.8745,,Libby,1505844000000
4.447,,Malta,1505844000000
1.225,,Missoula,1505844000000
0.083,,NCore,1505844000000
6.6850000000000005,,Seeley Lake,1505844000000
1.1655,,Sidney,1505844000000
10.9615,,Thompson Falls,1505844000000
1.3475,,West Yellowstone,1505844000000
11.5185,,Bozeman,1505844000000
3.6215,,Broadus,1505844000000
12.1895,,Butte,1505844000000
2.152,,Flathead Valley,1505844000000
5.9725,,Frenchtown,1505844000000
5.9025,,Great Falls,1505844000000
0.755,,Hamilton,1505844000000
2.228,,Helena,1505844000000
6.763,,Lewistown,1505844000000
3.8745,,Libby,1505844000000
4.447,,Malta,1505844000000
1.225,,Missoula,1505844000000
0.083,,NCore,1505844000000
6.6850000000000005,,Seeley Lake,1505844000000
1.1655,,Sidney,1505844000000
10.9615,,Thompson Falls,1505844000000
1.3475,,West Yellowstone,1505844000000
4.4535,,Bozeman,1505930400000
1.391,2.640121666666667,Broadus,1505930400000
6.9705,,Butte,1505930400000
1.618,,Flathead Valley,1505930400000
3.544,,Frenchtown,1505930400000
0.036,,Great Falls,1505930400000
4.746,,Hamilton,1505930400000
2.2965,,Helena,1505930400000
2.803,,Lewistown,1505930400000
0.7669999999999999,5.760229000000002,Malta,1505930400000
3.0265,,Missoula,1505930400000
1.937,,NCore,1505930400000
6.3385,,Seeley Lake,1505930400000
2.093,,Sidney,1505930400000
23.212,,Thompson Falls,1505930400000
4.502,,West Yellowstone,1505930400000
4.4535,,Bozeman,1505930400000
1.391,2.640121666666667,Broadus,1505930400000
6.9705,,Butte,1505930400000
1.618,,Flathead Valley,1505930400000
3.544,,Frenchtown,1505930400000
0.036,,Great Falls,1505930400000
4.746,,Hamilton,1505930400000
2.2965,,Helena,1505930400000
2.803,,Lewistown,1505930400000
0.7669999999999999,5.760229000000002,Malta,1505930400000
3.0265,,Missoula,1505930400000
1.937,,NCore,1505930400000
6.3385,,Seeley Lake,1505930400000
2.093,,Sidney,1505930400000
23.212,,Thompson Falls,1505930400000
4.502,,West Yellowstone,1505930400000
9.58,,Bozeman,1506016800000
10.042,,Broadus,1506016800000
8.5375,,Butte,1506016800000
4.2405,,Flathead Valley,1506016800000
3.3065,,Frenchtown,1506016800000
4.9035,,Great Falls,1506016800000
3.553,,Hamilton,1506016800000
6.4015,,Helena,1506016800000
10.605,,Lewistown,1506016800000
5.957,,Libby,1506016800000
2.205,,Malta,1506016800000
2.6645,,Missoula,1506016800000
1.0555,,NCore,1506016800000
8.888,,Seeley Lake,1506016800000
3.139,,Sidney,1506016800000
7.4945,,Thompson Falls,1506016800000
3.839,,West Yellowstone,1506016800000
9.58,,Bozeman,1506016800000
10.042,,Broadus,1506016800000
8.5375,,Butte,1506016800000
4.2405,,Flathead Valley,1506016800000
3.3065,,Frenchtown,1506016800000
4.9035,,Great Falls,1506016800000
3.553,,Hamilton,1506016800000
6.4015,,Helena,1506016800000
10.605,,Lewistown,1506016800000
5.957,,Libby,1506016800000
2.205,,Malta,1506016800000
2.6645,,Missoula,1506016800000
1.0555,,NCore,1506016800000
8.888,,Seeley Lake,1506016800000
3.139,,Sidney,1506016800000
7.4945,,Thompson Falls,1506016800000
3.839,,West Yellowstone,1506016800000
1.9175,,Bozeman,1506103200000
3.2145,,Broadus,1506103200000
1.801,,Flathead Valley,1506103200000
4.19,,Frenchtown,1506103200000
7.479000000000001,,Great Falls,1506103200000
5.916,,Hamilton,1506103200000
2.551,,Helena,1506103200000
19.205,,Lewistown,1506103200000
6.039,,Libby,1506103200000
3.62,,Malta,1506103200000
1.4135,,Missoula,1506103200000
1.027,,NCore,1506103200000
6.315,,Seeley Lake,1506103200000
1.747,,Sidney,1506103200000
7.33,,Thompson Falls,1506103200000
1.2365,,West Yellowstone,1506103200000
1.9175,,Bozeman,1506103200000
3.2145,,Broadus,1506103200000
1.801,,Flathead Valley,1506103200000
4.19,,Frenchtown,1506103200000
7.479000000000001,,Great Falls,1506103200000
5.916,,Hamilton,1506103200000
2.551,,Helena,1506103200000
19.205,,Lewistown,1506103200000
6.039,,Libby,1506103200000
3.62,,Malta,1506103200000
1.4135,,Missoula,1506103200000
1.027,,NCore,1506103200000
6.315,,Seeley Lake,1506103200000
1.747,,Sidney,1506103200000
7.33,,Thompson Falls,1506103200000
1.2365,,West Yellowstone,1506103200000
6.128500000000001,,Bozeman,1506189600000
4.1995000000000005,,Butte,1506189600000
10.9665,,Flathead Valley,1506189600000
7.842,,Frenchtown,1506189600000
7.605,,Great Falls,1506189600000
3.986,,Hamilton,1506189600000
3.999,5.414877999999999,Helena,1506189600000
4.667,,Lewistown,1506189600000
9.555,,Libby,1506189600000
1.682,,Malta,1506189600000
1.9135,,Missoula,1506189600000
1.179,,NCore,1506189600000
5.494,,Seeley Lake,1506189600000
2.021,,Sidney,1506189600000
5.3825,,Thompson Falls,1506189600000
9.531,,West Yellowstone,1506189600000
6.128500000000001,,Bozeman,1506189600000
4.1995000000000005,,Butte,1506189600000
10.9665,,Flathead Valley,1506189600000
7.842,,Frenchtown,1506189600000
7.605,,Great Falls,1506189600000
3.986,,Hamilton,1506189600000
3.999,5.414877999999999,Helena,1506189600000
4.667,,Lewistown,1506189600000
9.555,,Libby,1506189600000
1.682,,Malta,1506189600000
1.9135,,Missoula,1506189600000
1.179,,NCore,1506189600000
5.494,,Seeley Lake,1506189600000
2.021,,Sidney,1506189600000
5.3825,,Thompson Falls,1506189600000
9.531,,West Yellowstone,1506189600000
10.2795,,Bozeman,1506276000000
7.216,,Butte,1506276000000
10.834,,Flathead Valley,1506276000000
8.6125,,Frenchtown,1506276000000
6.2395,6.270847583333331,Great Falls,1506276000000
6.6635,,Hamilton,1506276000000
4.863,5.517711416666665,Helena,1506276000000
11.2825,,Lewistown,1506276000000
6.317,,Libby,1506276000000
3.468,,Malta,1506276000000
5.9035,,Missoula,1506276000000
1.3125,3.373536999999999,NCore,1506276000000
7.8375,,Seeley Lake,1506276000000
1.358,,Sidney,1506276000000
8.3575,,Thompson Falls,1506276000000
4.481,,West Yellowstone,1506276000000
10.2795,,Bozeman,1506276000000
7.216,,Butte,1506276000000
10.834,,Flathead Valley,1506276000000
8.6125,,Frenchtown,1506276000000
6.2395,6.270847583333331,Great Falls,1506276000000
6.6635,,Hamilton,1506276000000
4.863,5.517711416666665,Helena,1506276000000
11.2825,,Lewistown,1506276000000
6.317,,Libby,1506276000000
3.468,,Malta,1506276000000
5.9035,,Missoula,1506276000000
1.3125,3.373536999999999,NCore,1506276000000
7.8375,,Seeley Lake,1506276000000
1.358,,Sidney,1506276000000
8.3575,,Thompson Falls,1506276000000
4.481,,West Yellowstone,1506276000000
11.0585,,Bozeman,1506362400000
1.411,,Broadus,1506362400000
13.2665,,Butte,1506362400000
11.723,,Flathead Valley,1506362400000
5.465,,Frenchtown,1506362400000
10.393,,Great Falls,1506362400000
6.17,,Hamilton,1506362400000
6.2615,5.942985583333329,Helena,1506362400000
9.6835,8.800379583333335,Lewistown,1506362400000
13.1925,,Libby,1506362400000
6.698,5.604475249999997,Malta,1506362400000
9.053,,Missoula,1506362400000
3.0475,,NCore,1506362400000
13.4315,,Seeley Lake,1506362400000
3.918,,Sidney,1506362400000
9.194,,Thompson Falls,1506362400000
8.901,,West Yellowstone,1506362400000
11.0585,,Bozeman,1506362400000
1.411,,Broadus,1506362400000
13.2665,,Butte,1506362400000
11.723,,Flathead Valley,1506362400000
5.465,,Frenchtown,1506362400000
10.393,,Great Falls,1506362400000
6.17,,Hamilton,1506362400000
6.2615,5.942985583333329,Helena,1506362400000
9.6835,8.800379583333335,Lewistown,1506362400000
13.1925,,Libby,1506362400000
6.698,5.604475249999997,Malta,1506362400000
9.053,,Missoula,1506362400000
3.0475,,NCore,1506362400000
13.4315,,Seeley Lake,1506362400000
3.918,,Sidney,1506362400000
9.194,,Thompson Falls,1506362400000
8.901,,West Yellowstone,1506362400000
4.5635,,Bozeman,1506448800000
1.965,3.7118327499999997,Broadus,1506448800000
18.478,,Butte,1506448800000
12.9375,,Flathead Valley,1506448800000
5.9695,,Frenchtown,1506448800000
11.2945,,Great Falls,1506448800000
6.681,,Hamilton,1506448800000
6.7695,,Helena,1506448800000
3.249,,Lewistown,1506448800000
11.5545,,Libby,1506448800000
2.0835,,Malta,1506448800000
9.183,,Missoula,1506448800000
17.804499999999997,,Seeley Lake,1506448800000
1.232,,Sidney,1506448800000
9.8435,,Thompson Falls,1506448800000
12.3195,,West Yellowstone,1506448800000
4.5635,,Bozeman,1506448800000
1.965,3.7118327499999997,Broadus,1506448800000
18.478,,Butte,1506448800000
12.9375,,Flathead Valley,1506448800000
5.9695,,Frenchtown,1506448800000
11.2945,,Great Falls,1506448800000
6.681,,Hamilton,1506448800000
6.7695,,Helena,1506448800000
3.249,,Lewistown,1506448800000
11.5545,,Libby,1506448800000
2.0835,,Malta,1506448800000
9.183,,Missoula,1506448800000
17.804499999999997,,Seeley Lake,1506448800000
1.232,,Sidney,1506448800000
9.8435,,Thompson Falls,1506448800000
12.3195,,West Yellowstone,1506448800000
5.8985,5.7942106666666655,Bozeman,1506535200000
3.352,3.938607666666667,Broadus,1506535200000
10.963,9.579344999999996,Butte,1506535200000
7.459,6.981026749999997,Flathead Valley,1506535200000
8.425,8.514039083333333,Frenchtown,1506535200000
8.8735,6.227054750000001,Great Falls,1506535200000
7.2865,6.637518833333332,Hamilton,1506535200000
8.18,7.76832383333333,Helena,1506535200000
3.8205,8.181228666666668,Lewistown,1506535200000
7.6145,7.8010819166666625,Libby,1506535200000
3.638,4.1142335,Malta,1506535200000
7.689,8.123925666666667,Missoula,1506535200000
4.672499999999999,4.389293166666667,NCore,1506535200000
23.011000000000003,,Seeley Lake,1506535200000
3.7745,,Sidney,1506535200000
10.5505,9.145645916666668,Thompson Falls,1506535200000
6.838,6.991747416666667,West Yellowstone,1506535200000
5.8985,5.7942106666666655,Bozeman,1506535200000
3.352,3.938607666666667,Broadus,1506535200000
10.963,9.579344999999996,Butte,1506535200000
7.459,6.981026749999997,Flathead Valley,1506535200000
8.425,8.514039083333333,Frenchtown,1506535200000
8.8735,6.227054750000001,Great Falls,1506535200000
7.2865,6.637518833333332,Hamilton,1506535200000
8.18,7.76832383333333,Helena,1506535200000
3.8205,8.181228666666668,Lewistown,1506535200000
7.6145,7.8010819166666625,Libby,1506535200000
3.638,4.1142335,Malta,1506535200000
7.689,8.123925666666667,Missoula,1506535200000
4.672499999999999,4.389293166666667,NCore,1506535200000
23.011000000000003,,Seeley Lake,1506535200000
3.7745,,Sidney,1506535200000
10.5505,9.145645916666668,Thompson Falls,1506535200000
6.838,6.991747416666667,West Yellowstone,1506535200000
9.7355,7.834258000000001,Bozeman,1506621600000
1.8635,,Broadus,1506621600000
12.1845,11.226660833333328,Butte,1506621600000
12.4585,10.931325500000003,Flathead Valley,1506621600000
10.619,10.047428166666668,Frenchtown,1506621600000
10.9075,,Great Falls,1506621600000
7.291,,Hamilton,1506621600000
6.507,,Helena,1506621600000
1.5145,,Lewistown,1506621600000
4.958,8.457636999999998,Libby,1506621600000
2.048,,Malta,1506621600000
7.1145,7.963073416666662,Missoula,1506621600000
0.8285,,NCore,1506621600000
34.312,,Seeley Lake,1506621600000
4.475,3.77004525,Sidney,1506621600000
14.371,7.71302691666667,Thompson Falls,1506621600000
8.011,,West Yellowstone,1506621600000
9.7355,7.834258000000001,Bozeman,1506621600000
1.8635,,Broadus,1506621600000
12.1845,11.226660833333328,Butte,1506621600000
12.4585,10.931325500000003,Flathead Valley,1506621600000
10.619,10.047428166666668,Frenchtown,1506621600000
10.9075,,Great Falls,1506621600000
7.291,,Hamilton,1506621600000
6.507,,Helena,1506621600000
1.5145,,Lewistown,1506621600000
4.958,8.457636999999998,Libby,1506621600000
2.048,,Malta,1506621600000
7.1145,7.963073416666662,Missoula,1506621600000
0.8285,,NCore,1506621600000
34.312,,Seeley Lake,1506621600000
4.475,3.77004525,Sidney,1506621600000
14.371,7.71302691666667,Thompson Falls,1506621600000
8.011,,West Yellowstone,1506621600000
4.2,5.082501333333335,Bozeman,1506708000000
2.906,,Broadus,1506708000000
9.982,8.732602250000003,Butte,1506708000000
9.497,9.166138499999999,Flathead Valley,1506708000000
11.339,9.91361891666667,Frenchtown,1506708000000
11.3535,10.303865166666666,Great Falls,1506708000000
11.082,8.564959083333331,Hamilton,1506708000000
6.35,7.406135250000002,Helena,1506708000000
5.804,6.318756999999998,Libby,1506708000000
2.265,4.301060916666668,Malta,1506708000000
4.379,5.672328416666668,Missoula,1506708000000
2.5545,2.904889666666666,NCore,1506708000000
15.876,,Seeley Lake,1506708000000
4.3785,4.621575416666667,Sidney,1506708000000
15.235,10.625393833333337,Thompson Falls,1506708000000
10.767,9.113769083333331,West Yellowstone,1506708000000
4.2,5.082501333333335,Bozeman,1506708000000
2.906,,Broadus,1506708000000
9.982,8.732602250000003,Butte,1506708000000
9.497,9.166138499999999,Flathead Valley,1506708000000
11.339,9.91361891666667,Frenchtown,1506708000000
11.3535,10.303865166666666,Great Falls,1506708000000
11.082,8.564959083333331,Hamilton,1506708000000
6.35,7.406135250000002,Helena,1506708000000
5.804,6.318756999999998,Libby,1506708000000
2.265,4.301060916666668,Malta,1506708000000
4.379,5.672328416666668,Missoula,1506708000000
2.5545,2.904889666666666,NCore,1506708000000
15.876,,Seeley Lake,1506708000000
4.3785,4.621575416666667,Sidney,1506708000000
15.235,10.625393833333337,Thompson Falls,1506708000000
10.767,9.113769083333331,West Yellowstone,1506708000000
4.3075,,Bozeman,1506794400000
1.2795,7.700973833333335,Broadus,1506794400000
13.878,,Butte,1506794400000
2.544,,Flathead Valley,1506794400000
9.1255,,Frenchtown,1506794400000
12.018,,Great Falls,1506794400000
8.998000000000001,,Hamilton,1506794400000
6.44,,Helena,1506794400000
5.039,8.0546405,Lewistown,1506794400000
1.2225,,Libby,1506794400000
3.206,,Malta,1506794400000
6.664,,Missoula,1506794400000
2.05,,NCore,1506794400000
20.491,,Seeley Lake,1506794400000
1.8645,2.7140656666666674,Sidney,1506794400000
7.3785,,Thompson Falls,1506794400000
9.553,,West Yellowstone,1506794400000
4.3075,,Bozeman,1506794400000
1.2795,7.700973833333335,Broadus,1506794400000
13.878,,Butte,1506794400000
2.544,,Flathead Valley,1506794400000
9.1255,,Frenchtown,1506794400000
12.018,,Great Falls,1506794400000
8.998000000000001,,Hamilton,1506794400000
6.44,,Helena,1506794400000
5.039,8.0546405,Lewistown,1506794400000
1.2225,,Libby,1506794400000
3.206,,Malta,1506794400000
6.664,,Missoula,1506794400000
2.05,,NCore,1506794400000
20.491,,Seeley Lake,1506794400000
1.8645,2.7140656666666674,Sidney,1506794400000
7.3785,,Thompson Falls,1506794400000
9.553,,West Yellowstone,1506794400000
